{
  "vineta_002": 1.3844240336777651,
  "vineta_003": 0.24473986875042283,
  "vineta_004": 1.1891847468770547,
  "vineta_005": 1.0743985743985744,
  "vineta_006": 0.7171887390959556,
  "vineta_008": 1.1994363395225465,
  "vineta_011": 2.3383968972204268,
  "vineta_012": 1.4270216962524656,
  "vineta_013": 1.6368778280542986,
  "vineta_014": 1.656364468864469,
  "vineta_015": 0.8331414094887148,
  "vineta_017": 0.8947563690328963,
  "vineta_018": 1.0500725689404935,
  "vineta_019": 2.0460972850678734,
  "vineta_020": 1.7501209482341558,
  "vineta_021": 0.7973330394533833,
  "vineta_022": 0.6853921940128836,
  "vineta_023": 0.58582995951417,
  "vineta_024": 0.559897848630243,
  "vineta_025": 2.552928722653493,
  "vineta_027": 2.728129713423831,
  "vineta_029": 2.01644370122631,
  "vineta_030": 0.9595490716180372,
  "vineta_037": 1.8675787299948374,
  "vineta_042": 1.3442958008175399,
  "vineta_043": 1.3574108818011257
}